"species","shape","V.mean","S.mean","growth_rate","total_thickness_nm","rRNA genes","tRNA genes","tca_steps"
"Acetobacter malorum","rod",NA,3.39292006587698,1.614311239,NA,3,54,12
"Acetonema longum","rod",NA,36.2853951489621,0.1611028384,NA,3,63,0
"Acholeplasma laidlawii","sphere",NA,1.33141010818401,3.688205259,NA,5,33,0
"Acholeplasma morum",NA,NA,NA,10.3052794,NA,6,39,0
"Achromobacter xylosoxidans","rod",NA,8.63937979737193,2.218070978,NA,7,54,12
"Acinetobacter baumannii","rod",0.578277938215681,4.11195208446734,2.661110123,43.53,18,72,12
"Acinetobacter calcoaceticus","rod",NA,3.87299469325367,9.314210775,NA,18,73,12
"Actinomyces naeslundii",NA,NA,NA,1.617570453,NA,9,51,10
"Aeromonas hydrophila","rod",NA,4.05925186770337,28.8,NA,31,115,12
"Aeromonas salmonicida","rod",NA,7.65763209312512,28.8,NA,31,127,12
"Agrobacterium sanguineum","rod",NA,3.57356164345839,24.28629243,NA,3,44,NA
"Agrobacterium tumefaciens","rod",NA,5.65486677646163,5.3041655,NA,12,53,12
"Akkermansia muciniphila","rod",NA,1.95116465732828,2.33586333,NA,9,54,12
"Alcaligenes aestus","rod",NA,4.04283704608836,4.794504381,NA,4,49,NA
"Alkalibacterium iburiense","rod",NA,3.76991118430775,1.524576851,NA,NA,NA,NA
"Alkalibacterium olivoapovliticus SN4a","rod",NA,3.11017672705389,1.708508543,NA,8,69,NA
"Alkalibacterium olivoapovliticus SN4c","rod",NA,3.29867228626928,2.412012061,NA,8,69,NA
"Alkalibacterium psychrotolerans","rod",NA,3.87986692718339,18.97366596,NA,NA,NA,NA
"Alteromonas denitrificans","rod",NA,5.65486677646163,2.842991265,NA,11,68,NA
"Alteromonas infernus","rod",NA,3.73849525777185,20.16,NA,NA,NA,NA
"Alteromonas macleodii","rod",NA,3.73849525777185,39.84469852,NA,3,62,12
"Arcobacter butzleri","rod",NA,1.88495559215388,5.472,NA,15,54,8
"Arthrobacter globiformis","rod",NA,2.74889357189107,5.616205124,NA,3,49,12
"Arthrobacter histidinolovorans",NA,NA,NA,7.968939704,NA,6,54,NA
"Asticcacaulis biprosthecum","rod",0.132677265666039,1.5707963267949,3.507078151,21,3,44,NA
"Azospirillum brasilense",NA,NA,NA,4.889016273,NA,30,80,12
"Azotobacter agilis",NA,NA,NA,3.177752117,NA,NA,NA,NA
"Azotobacter chroococcum","rod",NA,27.5674755352504,3.936,NA,18,64,12
"Bacillus anthracis","rod",0.918216741247834,8.24668071567321,5.606071993,70.67,33,95,12
"Bacillus brevis","rod",NA,6.54825718732623,6.065889198,NA,41,125,9
"Bacillus cereus","rod",NA,12.5663706143592,24,NA,42,106,12
"Bacillus circulans","rod",NA,6.59734457253857,9.9768,NA,33,84,12
"Bacillus coagulans","rod",NA,9.42477796076938,2.8512,NA,30,84,12
"Bacillus firmus","rod",NA,6.1261056745001,9.284948279,NA,36,106,NA
"Bacillus laterosporus","rod",NA,7.14712328691678,1.9968,NA,33,110,12
"Bacillus licheniformis","rod",0.673402783453564,4.94800842940392,8.59334303,21.62333333,24,83,12
"Bacillus macerans","rod",NA,7.06858347057703,2.079441542,NA,24,82,NA
"Bacillus megaterium","rod",3.65416018538949,13.4303085940964,11.82863873,28.6,6,65,12
"Bacillus mycoides","rod",NA,7.06858347057703,8.798244838,NA,42,106,12
"Bacillus polymyxa","rod",1.7972983645095,11.3097335529233,6.336,30.6,42,111,12
"Bacillus subtilis","rod",0.499118828638161,5.30929158456675,13.4439487,62.2,30,86,12
"Bacillus thuringiensis","rod",NA,8.83572933822129,12.10733429,NA,4,91,12
"Bacteroides thetaiotamicron","rod",NA,5.65486677646163,1.946552775,NA,15,70,NA
"Bdellovibrio bacteriovorus","rod",0.0423228738544146,1.09955742875643,2.502710711,22.66666667,6,36,12
"Bifidobacterium longum",NA,NA,NA,2.325257526,NA,12,62,7
"Borrelia anserina","helical",NA,73.1710461039579,0.4379743745,NA,3,32,0
"Borrelia burgdorferi","helical",1.05426704975596,21.3264712776583,0.384361115,33,5,30,0
"Borrelia garinii","helical",NA,17.2521137474981,0.384361115,NA,5,32,0
"Borrelia hermsii",NA,NA,NA,0.452526213,NA,3,32,0
"Borrelia recurrentis","helical",NA,22.3490514881018,0.3398241548,NA,3,32,0
"Borrelia sp.",NA,NA,NA,0.6870186266,NA,NA,NA,0
"Brachyspira suanatina","helical",NA,2.86089095482225,1.751897498,NA,3,34,0
"Brevinema andersonii","helical",NA,13.8693030668932,0.4431989056,NA,3,35,0
"Brochothrix thermosphacta","rod",NA,3.06305283725005,19.2,NA,28,84,6
"Brucella abortus","rod",0.138727906096209,1.72787595947439,1.401517998,28,9,55,12
"Burkholderia cepacia","rod",NA,4.77522083345649,1.010981533,NA,18,70,12
"Burkholderia pseudomallei","rod",NA,3.29741564920785,5.462871911,NA,12,60,12
"Burkholderia thailandensis","rod",NA,3.55502624680221,5.282103009,NA,12,60,12
"Campylobacter jejuni","rod",0.101488032896926,2.25767414457577,1.877033033,42.63,9,43,9
"Caulobacter crescentus","rod",0.106742722241224,1.89595116644144,2.661685173,45.46,6,51,12
"Chimaereicella alkaliphila","rod",NA,4.24115008234622,1.344,NA,8,40,12
"Chlamydia trachomatis","sphere",0.588977413114605,3.80132711084365,1.592634089,30,6,37,7
"Chrysobacterium greenlandense","rod",NA,1.27234502470387,3.327106467,NA,NA,NA,NA
"Colwellia demingiae","rod",NA,4.71238898038469,42.31127509,NA,16,75,NA
"Corynebacterium glutamicum","rod",0.690193949062001,5.34070751110265,6,58.8,3,59,12
"Cupriavidus necator","rod",NA,2.76460153515902,14.4,NA,15,67,12
"Dechloromonas denitrificans","rod",NA,2.67035375555132,1.023725067,NA,9,59,NA
"Deinococcus radiodurans","sphere",0.916363709608695,5.7255526111674,3.323991792,72.45,9,50,12
"Deleya pacifica","rod",NA,6.71515429704818,6.392672508,NA,3,52,NA
"Delftia acidovorans","rod",NA,6.22035345410779,2.688,NA,5,66,12
"Desulfovibrio vulgaris","rod",NA,7.89702145332866,2.038276093,NA,16,67,8
"Elusimicrobium minutum","rod",0.0364877961605773,1.03358398303104,0.6049284485,22.66666667,3,44,2
"Endomicrobium proavitum","rod",0.0502712447260689,1.41371669411541,0.1023725067,20.66666667,3,46,4
"Enterobacter aerogenes",NA,NA,NA,18.1050312,NA,25,87,12
"Enterobacter cloacae","rod",NA,2.82036480476024,10.37426569,NA,25,83,12
"Enterococcus faecalis","sphere",0.282758666786896,2.24317569447945,10.89423429,15.33,12,51,1
"Erwinia amylovora","rod",NA,3.20442450666159,10.11717393,NA,22,77,12
"Escherichia coli","rod",1.15176218805496,6.71340198647918,9.439950595,33.7,22,86,12
"Ferrobacillus ferrooxidans","rod",NA,4.09977841293468,1.231108071,NA,6,47,8
"Fimbriimonas ginsengisoli","rod",NA,7.06858347057703,0.495105129,NA,4,49,7
"Flavobacterium antarcticum","rod",NA,0.989601685880785,3.041500006,NA,5,39,NA
"Flavobacterium denitrificans","rod",NA,3.58141562509236,1.441264994,NA,9,50,NA
"Flavobacterium johnsoniae","rod",0.819995265465936,10.6028752058656,5.786272116,35.93666667,18,62,12
"Flavobacterium limicola","rod",NA,3.32223423117121,2.918514444,NA,3,46,NA
"Flavobacterium segetis","rod",NA,1.33517687777566,4.124331783,NA,3,39,NA
"Flavobacterium weaverense","rod",NA,8.85929128312322,8.824101784,NA,3,42,NA
"Gluconobacter japonicus",NA,NA,NA,2.190850968,NA,3,50,NA
"Gluconobacter oxydans",NA,NA,NA,3.264,NA,12,55,8
"Haemophilus influenzae","rod",0.301444675663886,3.11276854099311,8.907953379,38.33333333,14,47,7
"Haererehalobacter ostenderis",NA,NA,NA,17.835246,NA,NA,NA,NA
"Halomonas alimentaria","rod",NA,5.02654824574367,1.517893277,NA,2,57,NA
"Halomonas cupida",NA,NA,NA,7.378555443,NA,5,50,NA
"Halomonas meridiana",NA,NA,NA,36.80891196,NA,18,61,12
"Halomonas venusta",NA,NA,NA,8.262967386,NA,18,60,12
"Helicobacter pylori","rod",1.26936433023461,8.83572933822129,1.374037253,33.07,6,36,8
"Herminiimonas glaciei","rod",NA,0.769690200129499,1.663553233,NA,NA,NA,NA
"Klebsiella pneumoniae","rod",NA,2.35053962341588,11.35384171,NA,25,62,12
"Lactobacillus casei","rod",NA,8.48230016469244,3.032944599,NA,15,59,2
"Lactobacillus johnsonii",NA,NA,NA,8.087852263,NA,24,79,2
"Lactobacillus plantarum","rod",NA,16.4148216150067,5.952,NA,16,67,2
"Lactobacillus reuteri",NA,NA,NA,1.21317784,NA,18,69,2
"Lactococcus bulgaricus",NA,NA,NA,4.549416898,NA,NA,NA,2
"Lactococcus lactis","sphere",NA,2.33253655236203,13.66103949,NA,19,65,6
"Legionella micdadei","rod",0.170207209027906,2.47400421470196,3.137726862,38,9,43,12
"Legionella pneumophila","rod",0.426198636706292,4.17733648157018,0.864,32,9,43,12
"Leptospira biflexa","helical",0.168546451427741,13.9235029266782,1.147278092,35.695,5,35,12
"Leptospira canicola","helical",NA,16.8773993080075,0.4557680091,NA,5,37,12
"Leptospira icterohaemorrhagiae","helical",NA,5.2671300934229,0.6654212933,NA,5,37,NA
"Leptospira interrogans","helical",0.0415845468224786,8.54537016363857,0.4415766709,36.711,5,37,12
"Leptospira kobayashii","helical",NA,17.5439146465828,0.8317766167,NA,4,36,12
"Leptospira pomona",NA,NA,NA,0.715506767,NA,5,37,NA
"Listeria innocua",NA,NA,NA,14.4,NA,3,49,7
"Magnetospirillum gryphiswaldense","rod",NA,8.79645943005142,1.94939945,NA,6,49,12
"Mannheimia succiniciproducens",NA,NA,NA,4.839751528,NA,19,59,12
"Marinomonas communis",NA,NA,NA,9.989127333,NA,11,69,NA
"Marinomonas vaga","rod",NA,7.16283125018473,12.90209285,NA,NA,NA,NA
"Megasphaera elsdenii",NA,NA,NA,2.020070203,NA,21,65,4
"Mesoplasma florum","sphere",NA,0.964205050869165,8.716220561,NA,6,29,0
"Methylobacterium extorquens",NA,NA,NA,2.459242383,NA,15,58,12
"Mycobacterium avium","rod",NA,3.12902628297543,0.7734008727,NA,3,46,12
"Mycobacterium leprae","rod",0.179273565300821,4.24115008234622,0.3156572068,35.5,3,45,12
"Mycobacterium lepraemurium","rod",NA,1.81230626203961,0.2919829163,NA,NA,NA,12
"Mycobacterium phlei",NA,NA,NA,0.8759487489,NA,6,46,12
"Mycobacterium smegmatis","rod",0.63367219573215,6.45031803635056,1.523389129,42.4,9,47,12
"Mycobacterium tuberculosis","rod",0.165629111677897,3.01500392294264,0.5762594738,39.63,3,45,12
"Mycoplasma agalactiae","sphere",NA,1.88691908756237,1.88376075,NA,5,34,0
"Mycoplasma arginini",NA,NA,NA,1.064983281,NA,6,32,0
"Mycoplasma arthritidis","sphere",NA,1.20762821603992,1.28344139,NA,3,33,0
"Mycoplasma capricolum",NA,NA,NA,2.236464891,NA,6,30,0
"Mycoplasma felis","sphere",NA,0.636172512351933,2.860240813,NA,9,29,0
"Mycoplasma feriruminatoris","sphere",NA,0.331830724035422,7.508132134,NA,3,30,NA
"Mycoplasma fermentans","sphere",NA,0.785398163397448,5.561579358,NA,5,35,0
"Mycoplasma gallisepticum","sphere",NA,0.937702924309332,2.895698344,NA,6,32,0
"Mycoplasma genitalium","sphere",NA,0.125663706143592,0.3893105551,NA,3,36,0
"Mycoplasma hominis","sphere",NA,0.944580917825591,3.046778257,NA,6,33,0
"Mycoplasma hyorhinis","sphere",NA,1.45267244301992,0.7890925839,NA,3,30,0
"Mycoplasma meleagridis","sphere",0.0248384410177203,0.636172512351933,0.5362414548,44,6,33,0
"Mycoplasma mobile","sphere",NA,0.416248460230033,3.286238944,NA,3,28,0
"Mycoplasma mycoides","sphere",0.0768539182758578,1.03868907109313,1.592634089,23.75,6,30,0
"Mycoplasma neurolyticum","sphere",NA,0.720810160032296,0.9302528993,NA,4,30,0
"Mycoplasma orale","sphere",NA,1.76714586764426,1.167931665,NA,3,33,NA
"Mycoplasma ovipneumoniae","sphere",NA,0.950331777710913,2.06105588,NA,3,31,NA
"Mycoplasma pneumoniae","sphere",NA,0.546288404940076,0.4517662293,NA,3,36,0
"Mycoplasma pulmonis","sphere",NA,1.539380400259,2.412449013,NA,4,29,0
"Mycoplasma salivarium","sphere",NA,1.98556509688509,1.124092074,NA,3,33,0
"Myxococcus xanthus","rod",NA,12.2718463030851,1.262548134,NA,12,66,12
"Neisseria gonorrhoeae","sphere",NA,2.01061929829747,2.878264424,NA,12,55,12
"Neisseria meningitidis","sphere",NA,1.539380400259,5.631672629,NA,12,59,12
"Nocardia erythropolis",NA,NA,NA,3.0711752,NA,NA,NA,NA
"Oenococcus oeni","rod",NA,2.76460153515902,1.001809563,NA,6,47,1
"Orientia tsutsugamushi","rod",0.423786749886802,3.8779034317749,3.688205259,32.7,3,34,9
"Paenibacillus anaericanus","rod",NA,8.24668071567321,1.058380154,NA,7,54,NA
"Paracoccus denitrificans","sphere",NA,2.54469004940773,4.522522615,NA,3,48,12
"Pasteurella multocida",NA,NA,NA,8.40910799,NA,16,56,12
"Pelagibacter ubique","rod",0.0186435847211558,0.627533132554561,0.9170605214,27.63333333,3,31,11
"Pelagimonas varians","rod",NA,7.6340701482232,2.294556184,NA,3,42,NA
"Photobacterium angustum",NA,NA,NA,18.97366596,NA,17,137,NA
"Photobacterium kishitanii","rod",NA,5.93761011528471,9.486832981,NA,24,164,NA
"Photobacterium mandapamensis",NA,NA,NA,4.263762215,NA,7,74,NA
"Photobacterium phosphoreum","sphere",NA,4.5238934211693,19.7326126,NA,4,76,NA
"Polynucleobacter asymbioticus","rod",NA,1.34303085940964,1.105761052,NA,3,38,12
"Porphyromonas gingivalis",NA,NA,NA,1.369879977,NA,12,53,3
"Propionibacterium acnes","rod",NA,1.2016591899981,1.162628763,NA,9,45,12
"Propionibacterium avidum",NA,NA,NA,1.06153061,NA,9,46,12
"Propionibacterium granulosum",NA,NA,NA,0.7582361497,NA,6,45,12
"Proteus mirabilis","rod",NA,3.45575191894877,7.694425445,NA,22,83,12
"Proteus vulgaris","rod",NA,4.24115008234622,16.78486386,NA,14,77,12
"Pseudoalteromonas citrea",NA,NA,NA,22.76839915,NA,11,100,NA
"Pseudoalteromonas piscicida Cura-d","rod",NA,6.36172512351933,18.03640192,NA,28,108,12
"Pseudoalteromonas tetraodonis",NA,NA,NA,72.09993065,NA,25,114,12
"Pseudomonas aeruginosa","rod",0.23349189918664,2.61101256098352,8.317766167,37.32,13,63,12
"Pseudomonas doudoroffii",NA,NA,NA,7.392,NA,9,74,NA
"Pseudomonas fluorescens","rod",NA,1.75929188601028,10.84926022,NA,19,69,12
"Pseudomonas marina",NA,NA,NA,7.489251071,NA,9,70,12
"Pseudomonas putida","rod",NA,7.65763209312512,10.4304436,NA,22,75,12
"Pseudomonas syringae","rod",NA,7.95215640439916,8.6184,NA,16,64,12
"Psychroflexus torquis","rod",NA,82.0741080750334,1.044450241,NA,9,37,12
"Ralstonia solanacearum","rod",NA,2.35619449019234,4.328099718,NA,9,54,12
"Rectinema cohabitans","rod",NA,2.19911485751286,0.4671726661,NA,NA,NA,NA
"Rhizobium leguminosarum","rod",NA,4.618141200777,2.854477765,NA,9,51,12
"Rickettsia prowazekii","rod",0.0357908252130818,0.942477796076938,0.524350211,34.5,3,33,12
"Roseobacter litoralis",NA,NA,NA,23.71708245,NA,3,38,12
"Ruegeria pomeroyi","rod",NA,8.63937979737193,3.026833574,NA,9,52,12
"Salinibacter ruber","rod",NA,5.02654824574367,0.4660624867,NA,3,46,12
"Salinivibrio costicola","rod",NA,3.66290068454485,10.51138499,NA,18,85,12
"Salmonella typhimurium","rod",NA,4.44472528629884,15.60161948,NA,22,85,12
"Selenomonas ruminantium",NA,NA,NA,3.503794996,NA,10,63,4
"Serpulina alvinipulli","helical",NA,26.3384380139601,1.167931665,NA,3,35,NA
"Serpulina hyodysenteriae","helical",1.54871093892799,17.7635759898795,0.7992537743,35.3,3,34,1
"Serpulina innocens","helical",NA,5.86683084825204,0.7992537743,NA,3,35,NA
"Serpulina intermedia","helical",NA,6.0564053233708,0.9723652539,NA,3,34,6
"Serpulina pilosicoli","helical",NA,12.1118641104178,2.131343398,NA,3,34,6
"Serratia marcescens","rod",NA,1.37444678594553,11.04108556,NA,27,93,12
"Shewanella donghaensis","rod",NA,2.55254403104171,10.89964465,NA,31,104,NA
"Shewanella frigidimarina","rod",NA,4.08407044966673,29.97839222,NA,28,98,12
"Shewanella pealeana",NA,NA,NA,26.94260566,NA,34,147,12
"Shewanell oneidensis","rod",NA,6.47733573317144,18.46662107,NA,28,104,NA
"Shigella flexneri",NA,NA,NA,10.52190689,NA,22,97,12
"Sphaerochaeta halotolerans","sphere",NA,6.15752160103599,0.1663436277,NA,8,45,0
"Sphaerotilus natans","rod",NA,11.7927534234127,6.5,NA,11,67,12
"Sphingomonas sp. RB2256","rod",NA,0.848230016469244,2.428629243,NA,NA,NA,12
"Sphingopyxis alaskensis","rod",NA,1.00408442801383,2.016,NA,3,45,12
"Spirillum volutans","helical",NA,262.202802258647,2.376504619,NA,NA,NA,12
"Spirochaeta africana","helical",NA,25.8147783473382,0.3885806789,NA,9,46,7
"Spirochaeta alkalica","helical",NA,25.8863592559977,0.3521512402,NA,6,44,0
"Spirochaeta americana","helical",NA,11.0563983479086,0.7007589991,NA,7,45,0
"Spirochaeta asiatica","helical",NA,114.513021530269,0.2975070823,NA,NA,NA,0
"Spirochaeta aurantia","helical",NA,16.3579440477706,0.3846365857,NA,NA,NA,0
"Spirochaeta bajacaliforniensis","helical",NA,35.1784265095195,1.683397512,NA,6,44,0
"Spirochaeta cellobiosiphila","helical",NA,20.2121773664428,1.844102629,NA,9,44,0
"Spirochaeta coccoides",NA,NA,NA,0.3109445296,NA,9,47,2
"Spirochaeta isovalerica","helical",NA,28.6712468209338,1.109035489,NA,16,60,0
"Spirochaeta litoralis","helical",NA,NA,2.335228301,NA,NA,NA,0
"Spirochaeta odontotermitis","helical",NA,32.2104924643246,0.9233310534,NA,NA,24,0
"Spirochaeta perfilievii","helical",NA,30.3971726949103,1.268656785,NA,22,59,6
"Spirochaeta psychrophila","helical",NA,43.576810066406,0.6415386861,NA,NA,NA,0
"Spirochaeta smaragdinae","helical",NA,25.4492304802474,0.1401517998,NA,6,50,7
"Spirochaeta stenostrepta","helical",NA,35.1473899162029,1.109035489,NA,NA,NA,0
"Spirochaeta thermophila","helical",NA,29.9592011908465,0.1922081826,NA,6,46,6
"Spirochaeta zuelzerae","helical",NA,19.143422380654,0.3168672825,NA,NA,NA,0
"Spiroplasma alleghenense",NA,NA,NA,1.039720771,NA,6,31,0
"Spiroplasma cantharicola",NA,NA,NA,2.130763969,NA,3,29,0
"Spiroplasma citri","helical",0.185326747855736,4.85842512810663,1.517898395,10,3,32,0
"Spiroplasma culicicola","rod",NA,1.64933614313464,5.519630529,NA,3,29,0
"Spiroplasma eriocheiris","helical",NA,1.28431221331244,0.2772588722,NA,3,32,0
"Spiroplasma floricola","helical",NA,2.8884962990116,3.327106467,NA,3,29,0
"Spiroplasma kunkelii",NA,NA,NA,0.5279646593,NA,3,33,0
"Spiroplasma leptinotarsae",NA,NA,NA,0.9241962407,NA,NA,NA,NA
"Spiroplasma monobiae",NA,NA,NA,2.915782274,NA,3,29,0
"Spiroplasma phoeniceum","helical",NA,10.3496472809654,0.6274120971,NA,3,43,0
"Spiroplasma poulsonii","helical",NA,2.2304496315058,0.4211527173,NA,3,31,NA
"Spiroplasma syrphidicola",NA,NA,NA,5.53998632,NA,3,32,0
"Staphylococcus aureus","sphere",0.265677060939616,2.42180351116991,9.140334771,40.2,16,61,12
"Staphylococcus epidermidis","sphere",NA,1.26676869774374,10.01084284,NA,19,61,12
"Staphylococcus xylosus",NA,NA,NA,7.75574483,NA,22,59,12
"Streptococcus agalactiae","sphere",NA,2.54469004940773,4.379743745,NA,24,90,0
"Streptococcus cremoris","sphere",NA,2.01061929829747,11.37354225,NA,19,62,3
"Streptococcus gordonii","sphere",0.714156281976357,4.5238934211693,3.66250348,45.5,12,59,5
"Streptococcus mutans",NA,NA,NA,4.751613205,NA,15,65,5
"Streptococcus pneumoniae","sphere",NA,1.70873187924157,13.13923123,NA,3,23,0
"Streptococcus pyogenes","sphere",NA,2.01380403898083,8.40910799,NA,18,67,0
"Streptomyces coelicolor","rod",NA,3.07090681888402,3.36,NA,NA,NA,12
"Tannerella forsythia","rod",NA,6.28318530717959,1.718668606,NA,5,44,3
"Tenacibaculum skagerrakense","rod",NA,13.3517687777566,1.226324113,NA,4,50,NA
"Treponema azotonutricium","helical",NA,11.103110806324,0.1901203695,NA,6,47,6
"Treponema denticola","helical",0.118794185573119,6.02624588515211,0.1665661642,32.5,6,44,1
"Treponema isoptericolens","helical",NA,17.6857684783926,0.1478713985,NA,NA,NA,0
"Treponema pallidum","helical",0.110781258369467,6.14886830129509,0.1397676782,31,6,45,0
"Treponema phagedenis","helical",0.0817476785949176,3.02045735813725,0.04575943827,24,6,46,1
"Treponema primitia","helical",0.256721526871269,6.24236341083002,0.3024642242,28,6,51,6
"Treponema saccharophilum","helical",NA,54.4732623178124,0.08880597492,NA,5,60,0
"UMB 114","rod",NA,1.53278305568646,4.436141956,NA,NA,NA,NA
"UMB 12-3","rod",NA,1.09327424344925,4.436141956,NA,NA,NA,NA
"UMB 12-4","rod",NA,2.11115026321234,2.772588722,NA,NA,NA,NA
"UMB 12-5","rod",NA,1.51738925168387,3.024642242,NA,NA,NA,NA
"UMB 12-8","rod",NA,1.58650429006285,1.54749138,NA,NA,NA,NA
"UMB 13-2","rod",NA,1.69646003293849,2.559312667,NA,NA,NA,NA
"UMB 13-8","rod",NA,2.31849537834927,2.376504619,NA,NA,NA,NA
"UMB D-5","rod",NA,1.46523881363428,3.696784963,NA,NA,NA,NA
"UMB D-6","rod",NA,0.990858322942221,1.147278092,NA,NA,NA,NA
"UMB D-7","rod",NA,0.978606111593221,1.147278092,NA,NA,NA,NA
"UMB MY14","rod",NA,0.990858322942221,1.127832701,NA,NA,NA,NA
"UMB ND5","rod",NA,1.29307953621756,4.436141956,NA,NA,NA,NA
"UMP DY01","rod",NA,1.27422998029602,4.436141956,NA,NA,NA,NA
"Ureaplasma urealyticum","sphere",0.0801788768569084,1.14041776820718,2.021963066,33.75,6,30,0
"Veillonella parvula","sphere",0.0232278176736583,0.502654824574367,2.388951133,23,12,48,2
"Verrucomirobium sp.","rod",NA,0.581194640914112,1.127832701,NA,NA,NA,0
"Vibrio alginolyticus","rod",NA,3.82426073721486,17.51897498,NA,37,129,12
"Vibrio anguillarum","rod",NA,3.14159265358979,6.832400242,NA,3,65,12
"Vibrio campbellii","rod",NA,1.80390250169126,2.30688,NA,37,131,12
"Vibrio cholerae","rod",NA,3.30600266912766,8.40910799,NA,22,90,12
"Vibrio fischeri","rod",NA,2.58286040014885,21.04246891,NA,4,79,12
"Vibrio harveyi","rod",NA,5.18362787842316,3.83808,NA,37,130,12
"Vibrio marinus","rod",NA,10.9955742875643,5.1048,NA,53,141,12
"Vibrio natriegens","rod",NA,5.52920307031804,21.4518061,NA,34,129,12
"Vibrio parahaemolyticus",NA,NA,NA,17.51897498,NA,34,127,12
"Vibrio splendidus","rod",NA,8.79143288180568,20.87103256,NA,6,93,NA
"Victivallis vadensis","sphere",NA,2.54469004940773,7.007589991,NA,3,57,0
"Xanthomonas campestris","rod",NA,1.69646003293849,3.07534646,NA,6,53,12
"Xanthomonas pruni","rod",NA,0.848230016469244,4.98,NA,6,54,12
"Xylella fastidiosa",NA,NA,NA,1.445310562,NA,6,49,12
"Yersinia enterocolitica",NA,NA,NA,5.253065961,NA,7,74,12
"Zobellia galactinovorans","rod",NA,6.04756585816035,5.050192537,NA,6,40,12
"Zymomonas mobilis","rod",NA,19.693858947191,5.088,NA,9,51,8
